customerID,Churn
2773-OVBPK,No
8292-TYSPY,No
6425-JWTDV,No
8623-TMRBY,No
5955-EPOAZ,No
9058-HRZSV,No
8041-TMEID,No
7321-VGNKU,Yes
1552-CZCLL,No
9074-KGVOX,No
2799-TSLAG,No
1236-WFCDV,Yes
1041-RXHRA,No
4836-WNFNO,No
6946-LMSQS,No
7587-AOVVU,No
6481-ESCNL,Yes
3199-NPKCN,No
9581-GVBXT,No
2865-TCHJW,Yes
2691-NZETQ,Yes
3374-PZLXD,No
7629-WFGLW,No
9128-CPXKI,No
6000-UKLWI,No
5339-PXDVH,Yes
7609-YBPXG,No
7787-BNTZM,No
0019-EFAEP,No
1596-OQSPS,No
0411-EZJZE,Yes
2160-GPFXD,No
8838-GPHZP,No
8741-LQOBK,No
2144-ESWKO,No
2911-UREFD,No
3058-HJCUY,No
2972-YDYUW,No
2212-LYASK,No
0701-TJSEF,No
8372-JUXUI,Yes
5032-USPKF,No
9871-ELEYA,No
4468-KAZHE,No
2073-QBVBI,No
5640-CAXOA,No
3544-FBCAS,No
3716-BDVDB,Yes
0027-KWYKW,No
7606-BPHHN,No
8570-KLJYJ,No
0115-TFERT,No
3494-JCHRQ,Yes
6394-MFYNG,Yes
6061-GWWAV,No
0771-WLCLA,Yes
3978-YNKDD,No
8080-DDEMJ,No
7517-SAWMO,No
5832-XKAES,Yes
6551-VLJMV,No
3566-HJGPK,Yes
3086-RUCRN,No
1488-SYSFC,No
2541-YGPKE,No
3865-ZFZIB,No
6728-WYQBC,No
4795-KTRTH,Yes
0100-DUVFC,No
1131-ALZWV,No
5240-CAOYT,No
1670-SVOWZ,Yes
9741-YLNTD,Yes
1950-KSVVJ,No
7014-ZZXAW,No
5274-XHAKY,No
0880-FVFWF,No
0533-BNWKF,No
3584-WKTTW,No
1401-FTHFQ,No
8603-IJWDN,Yes
2400-XIWIO,No
5915-DGNVC,No
6463-MVYRY,No
5692-FPTAH,Yes
2983-ZANRP,Yes
6461-PPAXN,No
9244-ZVAPM,No
8173-RXAYP,No
2632-UCGVD,No
4958-GZWIY,No
9314-QDMDW,No
1047-RNXZV,No
2506-TNFCO,Yes
0621-TSSMU,No
8982-NHAVY,No
5701-ZIKJE,No
2896-TBNBE,No
9529-OFXHY,Yes
5998-VVEJY,No
9752-ZNQUT,Yes
3230-WYKIR,No
0531-XBKMM,No
0628-CNQRM,No
6194-HBGQN,No
5364-EVNIB,Yes
9786-IJYDL,No
6701-DHKWQ,No
8637-XJIVR,Yes
4232-JGKIY,No
3750-CKVKH,Yes
3296-SILRA,Yes
6234-PFPXL,No
5073-RZGBK,No
5981-ITEMU,Yes
4154-AQUGT,Yes
3468-DRVQJ,No
2172-EJXVF,No
0148-DCDOS,No
3587-PMCOY,No
3653-NCRDJ,No
1475-VWVDO,Yes
4248-QPAVC,Yes
8680-CGLTP,No
7056-IMHCC,Yes
6376-GAHQE,Yes
1098-TDVUQ,No
2737-YNGYW,Yes
7277-KAMWT,No
9518-RWHZL,No
8337-MSSXB,Yes
7218-HKQFK,Yes
6959-GQEGV,No
5346-BZCHP,No
2137-DQMEV,No
3442-ZHHCC,No
9967-ATRFS,No
9971-ZWPBF,No
5593-SUAOO,No
9150-KPBJQ,No
0406-BPDVR,No
9767-FFLEM,No
2061-VVFST,No
0799-DDIHE,No
6060-QBMGV,No
5419-JKZNQ,No
8695-WDYEA,No
2636-OHFMN,Yes
8285-ABVLB,No
7998-WNZEM,No
1038-RQOST,No
1971-DTCZB,No
2961-VNFKL,No
0076-LVEPS,No
5084-OOVCJ,No
9250-WYPLL,Yes
8314-HTWVE,No
6215-NQCPY,Yes
2129-ALKBS,No
4425-OWHWB,No
9134-CEQMF,Yes
1453-RZFON,No
6110-OHIHY,Yes
3445-HXXGF,No
5804-LEPIM,Yes
9069-LGEUL,No
5644-PDMZC,Yes
5110-CHOPY,No
8922-NPKBJ,No
4115-BNPJY,No
3612-YVGSJ,No
3026-ATZYV,No
7216-EWTRS,Yes
2001-MCUUW,No
2522-WLNSF,No
6542-LWGXJ,No
3858-VOBET,No
3930-ZGWVE,No
1173-NOEYG,No
6752-APNJL,No
3308-DGHKL,No
7169-YWAMK,No
6618-RYATB,Yes
5093-FEGLU,No
4910-GMJOT,Yes
4521-YEEHE,No
7779-LGOVN,Yes
0699-NDKJM,No
6338-AVWCY,Yes
9227-LUNBG,No
7274-RTAPZ,Yes
7632-YUTXB,No
3982-XWFZQ,No
4397-FRLTA,No
7336-RLLRH,No
8410-BGQXN,No
4445-KWOKW,No
5736-YEJAX,No
2040-OBMLJ,No
0363-SVHYR,No
7361-YPXFS,No
4871-JTKJF,Yes
6976-BWGLQ,No
4012-YCFAI,No
5172-RKOCB,No
6048-NJXHX,No
7508-MYBOG,Yes
4020-KIUDI,No
2369-FEVNO,No
4458-KVRBJ,No
4464-JCOLN,No
9447-YPTBX,No
0887-WBJVH,No
2824-DXNKN,No
7785-RDVIG,No
6500-JVEGC,No
8215-NGSPE,No
4927-WWOOZ,Yes
8976-OQHGT,No
9833-TGFHX,No
9154-QDGTH,No
3648-GZPHF,No
4948-WBBKL,No
3068-OMWZA,Yes
1031-IIDEO,Yes
8660-BUETV,No
8414-MYSHR,Yes
0771-CHWSK,No
6168-YBYNP,No
1960-UYCNN,Yes
0556-FJEGU,No
3387-PLKUI,No
2578-JQPHZ,No
7825-ECJRF,No
3948-KXDUF,No
0224-HJAPT,No
5666-CYCYZ,No
2636-ALXXZ,Yes
6937-GCDGQ,No
5495-GPSRW,No
8118-TJAFG,Yes
9572-MTILT,No
8375-DKEBR,Yes
3413-BMNZE,No
3450-WXOAT,No
3688-FTHLT,No
0319-QZTCO,Yes
7552-KEYGT,No
4980-URKXC,No
5365-LLFYV,Yes
6598-RFFVI,No
8868-GAGIO,No
9170-ARBTB,No
9611-CTWIH,Yes
3420-YJLQT,Yes
1866-RZZQS,Yes
6734-CKRSM,No
6344-SFJVH,No
4188-PCPIG,No
7203-OYKCT,No
9839-ETQOE,No
7268-WNTCP,No
6166-YIPFO,No
8969-PRHFK,No
6693-FRIRW,Yes
8677-HDZEE,No
6465-GSRCL,No
3751-KTZEL,No
0917-EZOLA,No
2357-COQEK,No
0463-WZZKO,No
6982-SSHFK,No
0447-RXSGD,Yes
6288-LBEAR,No
1784-BXEFA,No
0774-RMNUW,No
5057-LCOUI,No
9253-VIFJQ,No
3003-CMDUU,No
2637-FKFSY,Yes
3005-TYFRD,Yes
2387-KDZQY,No
6166-ILMNY,Yes
1085-LDWAM,No
6917-IAYHD,No
3932-CMDTD,No
3696-DFHHB,No
4186-ZBUEW,No
9710-ZUSHQ,Yes
4094-NSEDU,No
4139-SUGLD,No
6837-BJYDQ,No
9928-BZVLZ,No
1217-VASWC,No
8053-WWDRO,No
6922-NCEDI,No
7586-ZATGZ,No
0550-DCXLH,No
7054-LGEQW,No
8857-CUPFQ,No
1915-IOFGU,Yes
2257-BOVXD,No
6942-LBFDP,No
2977-CEBSX,No
1591-NFNLQ,No
1853-UDXBW,Yes
7593-JNWRU,No
2150-UWTFY,No
2892-GESUL,No
4026-SKKHW,Yes
6923-AQONU,No
4636-TVXVG,No
6736-DHUQI,No
7404-JLKQG,No
1013-QCWAM,Yes
8174-LNWMW,No
2378-YIZKA,No
1750-CSKKM,No
2485-ITVKB,Yes
5155-AZQPB,No
4484-GLZOU,Yes
1113-IUJYX,No
3154-HMWUU,No
6941-KXRRV,No
5204-HMGYF,No
4381-MHQDC,No
4163-KIUHY,No
3398-FSHON,Yes
3756-VNWDH,No
1194-BHJYC,No
2716-GFZOR,No
2957-LOLHO,No
4926-UMJZD,No
7595-EUIVN,Yes
4713-ZBURT,No
7064-FRRSW,No
8034-RYTVV,No
0946-FKYTX,No
9524-EGPJC,No
7239-HZZCX,No
5828-DWPIL,No
0587-DMGBH,No
5602-BVFMK,No
1322-AGOQM,No
0567-XRHCU,No
8559-WNQZS,No
4522-AKYLR,No
5168-MSWXT,Yes
3956-CJUST,No
5996-NRVXR,No
7607-QKKTJ,No
7225-CBZPL,Yes
0308-GIQJT,No
6352-GIGGQ,No
5512-IDZEI,No
5533-RJFTJ,No
3393-FMZPV,Yes
3913-FCUUW,No
9659-QEQSY,No
3272-VUHPV,No
1818-ESQMW,No
3317-VLGQT,Yes
7554-AKDQF,No
2874-YXVVA,No
1735-XMJVH,No
5868-CZJDR,Yes
9495-SKLKD,Yes
6202-DYYFX,No
9003-CPATH,No
0191-ZHSKZ,No
2682-KEVRP,No
8065-QBYTO,No
1596-BBVTG,No
2959-EEXWB,No
2027-CWDNU,No
8799-OXZMD,No
8246-SHFGA,No
9962-BFPDU,No
3910-MRQOY,No
7233-DRTRF,Yes
9514-JDSKI,No
4343-EJVQB,Yes
7389-KBFIT,Yes
1140-UKVZG,No
7814-LEEVE,No
7799-LGRDP,No
6502-MJQAE,Yes
2275-RBYQS,Yes
3951-NJCVI,No
7808-DVWEP,No
1112-CUNAO,Yes
3126-WQMGH,No
8875-AKBYH,No
2101-RANCD,No
2718-GAXQD,No
6047-SUHPR,No
6243-OZGFH,No
4223-BKEOR,No
2937-FTHUR,No
5248-KWLAR,No
4459-BBGHE,No
7596-IIWYC,No
2840-XANRC,No
4622-YNKIJ,No
1036-GUDCL,No
8882-TLVRW,No
1061-PNTHC,No
3318-NMQXL,Yes
7764-BDPEE,No
0014-BMAQU,No
8628-MFKAX,No
7623-TRNQN,Yes
1685-BQULA,No
1791-PQHBB,Yes
6265-FRMTQ,No
5227-JSCFE,No
4730-AWNAU,No
5376-PCKNB,No
2495-KZNFB,No
5318-YKDPV,No
8017-UVSZU,No
1867-TJHTS,No
8661-BOYNW,No
3138-BKYAV,Yes
5649-TJHOV,No
0040-HALCW,No
5220-AGAAX,No
1038-ZAGBI,No
6178-KFNHS,Yes
9743-DQKQW,No
8722-NGNBH,Yes
3423-HHXAO,No
4510-PYUSH,No
5149-TGWDZ,No
7253-UVNDW,No
8896-RAZCR,No
5529-GIBVH,No
4118-CEVPF,No
3662-FXJFO,No
3519-ZKXGG,Yes
7613-LLQFO,Yes
6559-PDZLR,No
1769-GRUIK,No
6223-DHJGV,No
0603-OLQDC,No
2480-JZOSN,No
1306-RPWXZ,No
5791-KAJFD,No
2333-KWEWW,No
5797-APWZC,Yes
5433-KYGHE,Yes
5018-GWURO,No
1352-VHKAJ,No
8993-IZEUX,Yes
4883-QICIH,No
2908-WGAXL,No
5898-IGSLP,No
4723-BEGSG,No
7442-YGZFK,Yes
4250-FDVOU,No
8066-POXGX,No
6267-DCFFZ,No
5966-EMAZU,No
3836-FZSDJ,No
4228-ZGYUW,Yes
2233-FAGXV,No
4658-HCOHW,No
2862-JVEOY,No
3976-NLDEZ,No
4355-HBJHH,No
4367-NHWMM,Yes
0218-QNVAS,No
2696-RZVZW,No
7594-RQHXR,Yes
8573-CGOCC,No
0625-AFOHS,No
3055-MJDSB,Yes
5339-TJFEK,Yes
4988-IQIGL,Yes
9717-IOAAF,No
5816-SCGFC,No
2249-YPRNG,Yes
4911-BANWH,No
9402-ROUMJ,No
8486-AYEQH,No
3606-TWKGI,Yes
5939-SXWHM,No
2812-ENYMO,No
8075-GXIUB,No
7695-PKLCZ,No
3392-EHMNK,Yes
5937-EORGB,Yes
5630-AHZIL,Yes
6532-YLWSI,No
7351-MHQVU,Yes
1699-UOTXU,No
1636-NTNCO,Yes
2460-FPSYH,No
6479-OAUSD,No
6563-VNPMN,No
5514-YQENT,No
5949-EBSQK,No
6121-VZNQB,No
6695-FRVEC,No
6778-YSNIH,Yes
2019-HDCZY,No
4291-TPNFG,No
1345-ZUKID,No
1298-PHBTI,No
2988-GBIVW,No
7328-OWMOM,No
6341-JVQGF,No
8207-DMRVL,No
2230-XTUWL,No
4290-BSXUX,Yes
8670-ERCJH,No
9225-BZLNZ,No
4608-LCIMN,No
4547-KQRTM,Yes
5206-HPJKM,No
9481-SFCQY,No
3736-BLEPA,No
2575-GFSOE,Yes
7055-HNEOJ,Yes
9389-ACWBI,Yes
4315-MURBD,Yes
0142-GVYSN,No
8042-RNLKO,No
1349-WXNGG,No
4641-FROLU,No
7010-BRBUU,No
5913-INRQV,No
3173-WSSUE,No
8292-ITGYJ,No
4572-DVCGN,Yes
6258-PVZWJ,No
2043-WVTQJ,No
8566-YPRGL,No
7674-YTAFD,No
9330-IJWIO,Yes
7598-UAASY,Yes
6769-DYBQN,No
1197-BVMVG,Yes
8763-KIAFH,No
2845-AFFTX,Yes
6859-QNXIQ,No
4737-AQCPU,No
7266-GSSJX,No
3694-DELSO,Yes
8295-KMENE,No
2023-VQFDL,No
3524-WQDSG,Yes
6680-WKXRZ,Yes
6077-BDPXA,Yes
7950-XWOVN,No
5095-AESKG,Yes
2683-BPJSO,No
7096-UCLNH,No
8237-ULIXL,No
7860-KSUGX,No
8985-OOPOS,No
4513-CXYIX,No
6723-CEGQI,No
8879-ZKJOF,No
6349-JDHQP,No
3714-XPXBW,No
3137-LUPIX,No
4774-HHGGS,No
9060-HJJRW,No
2898-MRKPI,No
9174-FKWZE,No
0744-GKNGE,No
3426-NIYYL,No
1852-QSWCD,No
5899-MQZZL,Yes
9475-NNDGC,No
1839-FBNFR,No
3422-LYEPQ,Yes
9220-ZNKJI,No
4360-QRAVE,No
4254-QPEDE,No
3508-CFVZL,No
0928-JMXNP,Yes
9473-CBZOP,No
7145-FEJWU,Yes
8017-LXHFA,No
8374-UULRV,No
3855-ONCAR,Yes
7951-VRDVK,No
6479-SZPLM,No
5914-DVBWJ,No
9146-JRIOX,No
5271-DBYSJ,Yes
5119-KEPFY,No
3039-MJSLN,No
0947-IDHRQ,Yes
1963-VAUKV,No
2684-EIWEO,No
4311-QTTAI,No
5092-STPKP,No
8143-ETQTI,No
6432-TWQLB,Yes
8069-YQQAJ,No
1297-VQDRP,No
3410-MHHUM,No
6413-XKKPU,Yes
2242-MFOTG,No
3680-CTHUH,No
4183-MYFRB,No
6447-GORXK,No
6870-ECSHE,No
4080-OGPJL,No
5266-PFRQK,No
3398-GCPMU,No
0674-DGMAQ,No
7605-BDWDC,No
3870-MQAMG,No
0734-OXWBT,No
9968-FFVVH,No
4072-IPYLT,No
3538-WZPHD,Yes
9576-ANLXO,Yes
0621-HJWXJ,No
1257-SXUXQ,No
1208-DNHLN,No
9541-ZPSEA,No
0725-CXOTM,No
7989-CHGTL,No
7878-RTCZG,No
6437-UDQJM,No
1891-FZYSA,No
4683-WYDOU,No
5143-EGQFK,Yes
4320-QMLLA,No
6873-UDNLD,No
5578-NKCXI,No
6599-GZWCM,No
4860-IJUDE,Yes
2904-GGUAZ,No
4825-XJGDM,No
5429-LWCMV,Yes
2811-POVEX,No
5383-MMTWC,Yes
6953-PBDIN,No
2460-NGXBJ,Yes
5285-MVEHD,No
3785-KTYSH,No
9348-YVOMK,No
1589-AGTLK,Yes
9099-FTUHS,No
0013-SMEOE,No
4832-VRBMR,No
5186-EJEGL,No
0947-MUGVO,No
8871-JLMHM,No
1143-NMNQJ,Yes
9764-REAFF,No
4727-MCYZG,No
3891-NLXJB,No
4074-SJFFA,Yes
7952-OBOYL,Yes
2897-DOVND,Yes
8884-ADFVN,Yes
2869-ADAWR,No
4023-RTIQM,No
3301-VKTGC,No
6345-HOVES,No
6507-DTJZV,No
5879-SESNB,Yes
9462-MJUAW,No
0439-IFYUN,No
3192-LNKRK,No
6804-GDMOI,No
4925-LMHOK,No
1178-PZGAB,No
4700-UBQMV,No
4526-RMTLL,No
3200-MNQTF,No
7622-NXQZR,No
5482-PLVPE,No
5619-XZZKR,No
5919-TMRGD,Yes
3308-JSGML,No
3936-QQFLL,No
8966-SNIZF,No
2075-PUEPR,No
4065-JJAVA,No
3363-EWLGO,No
9921-EZKBY,No
8443-ZRDBZ,Yes
6702-OHFWR,Yes
6891-JPYFF,Yes
8679-LZBMD,No
7599-NTMDP,No
5229-PRWKT,Yes
3712-PKXZA,No
4846-WHAFZ,No
8734-FNWVH,No
3422-WJOYD,No
3528-HFRIQ,No
2126-GSEGL,No
4369-HTUIF,Yes
2511-ALLCS,No
1095-WGNGG,No
9087-EYCPR,No
3787-TRIAL,No
8329-IBCTI,No
5336-UFNZP,No
1293-HHSHJ,No
9019-QVLZD,Yes
3521-MNKLV,No
1414-YADCW,No
2586-CWXVV,No
8263-JQAIK,Yes
9776-OJUZI,Yes
6894-LFHLY,Yes
7421-ZLUPA,Yes
5287-QWLKY,Yes
5976-JCJRH,Yes
9574-BOSMD,No
4550-EVXNY,Yes
4182-BGSIQ,No
6620-HVDUJ,No
9693-XMUOB,No
0096-FCPUF,No
7901-IIDQV,No
2192-OZITF,No
5980-BDHPY,No
0220-EBGCE,Yes
4140-WJAWW,No
5181-OABFK,No
2688-BHGOG,Yes
8937-RDTHP,Yes
9643-YBLUR,No
4295-YURET,No
5627-TVBPP,No
1194-HVAIF,No
5760-FXFVO,Yes
4671-VJLCL,No
5397-TUPSH,No
4853-OITSN,Yes
1984-GPTEH,No
8388-FYNPZ,No
4116-IQRFR,No
4482-EWFMI,Yes
6171-ZTVYB,No
3316-UWXUY,No
4765-OXPPD,No
6365-MTGZX,No
8006-PYCSW,No
2969-WGHQO,No
3181-VTHOE,No
2696-ECXKC,No
9513-DXHDA,No
1075-BGWOH,Yes
2817-LVCPP,No
1635-HDGFT,No
9830-ECLEN,No
4729-XKASR,No
2234-XADUH,No
1925-LFCZZ,No
6467-CHFZW,Yes
9571-EDEBV,No
3441-CGZJH,No
5442-UTCVD,Yes
2501-XWWTZ,Yes
4184-VODJZ,No
2393-DIVAI,No
7893-IXHRQ,No
2924-KHUVI,No
3349-ANQNH,No
8990-ZXLSU,Yes
4652-NNHNY,Yes
5848-FHRFC,No
2530-ENDWQ,No
2146-EGVDT,No
1996-DBMUS,No
4712-UYOOI,No
8111-BKVDS,No
3318-OSATS,Yes
0378-NHQXU,Yes
4057-FKCZK,No
2237-ZFSMY,No
6135-OZQVA,No
9361-YNQWJ,No
5549-ZGHFB,No
7251-LJBQN,No
3034-ZBEQN,No
6313-GIDIT,No
3640-PHQXK,No
8532-UEFWH,No
2931-XIQBR,No
1154-HYWWO,No
1930-WNXSB,No
6296-DDOOR,No
7088-FBAWU,No
1133-KXCGE,No
1855-AGAWH,No
4847-QNOKA,Yes
0420-HLGXF,Yes
6839-ITVZJ,No
4184-TJFAN,Yes
0325-XBFAC,Yes
6252-DFGTK,No
4476-OSWTN,No
1567-DSCIC,Yes
2507-QZPQS,Yes
5789-LDFXO,No
5934-TSSAU,No
5934-RMPOV,No
4981-FLTMF,No
3800-LYTRK,No
1998-VHJHK,No
4770-UEZOX,Yes
5494-HECPR,Yes
4707-MAXGU,No
2037-SGXHH,No
9755-JHNMN,No
9308-ANMVE,No
8000-REIQB,Yes
8405-IGQFX,No
1530-ZTDOZ,No
3675-YDUPJ,No
0637-UBJRP,Yes
4423-YLHDV,Yes
8725-JEDFD,No
6418-HNFED,No
0723-FDLAY,No
1090-ESELR,No
2925-VDZHY,No
6591-QGOYB,Yes
9701-CDXHR,No
4973-RLZVI,No
4946-EDSEW,No
8917-FAEMR,No
6416-JNVRK,No
7134-HBPBS,No
6100-FJZDG,No
8382-SHQEH,Yes
3283-WCWXT,No
4537-DKTAL,No
3198-VELRD,Yes
0270-THENM,No
5795-KTGUD,No
2309-OSFEU,Yes
0722-SVSFK,Yes
9874-QLCLH,Yes
9972-NKTFD,No
5780-INQIK,No
6979-ZNSFF,Yes
0848-SOMKO,No
1702-CCFNJ,No
4822-RVYBB,Yes
1373-ORVIZ,No
0617-AQNWT,No
3546-GHEAE,No
5448-VWNAM,No
9972-VAFJJ,No
2273-QCKXA,No
8337-UPOAQ,Yes
5442-BHQNG,Yes
8313-AFGBW,No
7382-DFJTU,No
6366-XIVKZ,No
6625-FLENO,No
1555-DJEQW,No
8012-SOUDQ,No
0060-FUALY,No
4505-EXZHB,Yes
7873-CVMAW,No
3097-NNSPB,Yes
5393-RXQSZ,Yes
3195-TQDZX,No
2654-VBVPB,No
9445-SZLCH,Yes
9251-WNSOD,No
8383-SGHJU,No
1751-NCDLI,Yes
9274-CNFMO,Yes
4465-VDKIQ,No
2263-SFSQZ,No
3969-JQABI,No
3370-GQEAL,No
7711-GQBZC,No
0696-UKTOX,No
6439-GTPCA,No
0623-IIHUG,No
9894-EZEWG,Yes
0679-TDGAK,No
7083-YNSKY,No
7908-QCBCA,Yes
3417-TSCIC,No
8429-XIBUM,Yes
4088-YLDSU,No
6918-UMQCG,Yes
0017-DINOC,No
6141-OOXUQ,No
3482-ABPKK,No
4355-CVPVS,No
6900-RBKER,No
2595-KIWPV,No
9705-IOVQQ,No
3472-OAOOR,No
8325-QRPZR,Yes
0818-OCPZO,No
2951-QOQTK,Yes
9762-YAQAA,No
3387-VATUS,Yes
1508-DFXCU,Yes
4227-OJHAL,No
3258-SYSWS,No
2294-SALNE,No
6522-OIQSX,No
5175-WLYXL,No
6916-HIJSE,No
6402-EJMWF,No
6635-CPNUN,Yes
3763-GCZHZ,No
3096-JRDSO,No
8132-YPVBX,Yes
3714-NTNFO,No
1301-LOPVR,No
8224-DWCKX,Yes
5183-KLYEM,No
9895-VFOXH,No
4451-RWASJ,No
1088-CNNKB,No
5002-GCQFH,No
6837-HAEVO,No
5504-WSIUR,No
0536-BGFMZ,No
8800-JOOCF,Yes
6425-YQLLO,No
4661-NJEUX,No
8791-GFXLZ,No
3520-FJGCV,No
0674-EYYZV,Yes
0302-JOIVN,Yes
6008-NAIXK,No
6370-ZVHDV,No
6732-FZUGP,No
4190-MFLUW,No
7501-IWUNG,No
8357-EQXFO,Yes
3663-MITLP,Yes
2739-CACDQ,Yes
1850-AKQEP,No
4544-RXFMG,No
1568-LJSZU,No
6715-OFDBP,No
0623-GDISB,Yes
8816-VXNZD,Yes
9904-EHEVJ,No
3900-AQPHZ,No
4750-UKWJK,No
5174-ITUMV,No
3389-YGYAI,Yes
3413-CSSTH,No
8095-WANWK,No
8873-TMKGR,No
4488-KQFDT,No
7310-EGVHZ,No
3018-TFTSU,Yes
5673-FSSMF,Yes
5868-YTYKS,No
5223-UZAVK,No
0626-QXNGV,No
6637-KYRCV,Yes
1245-HARPS,No
8679-JOEVF,No
1402-PTHGN,No
6513-EECDB,Yes
8608-OZTLB,No
4056-QHXHZ,No
7325-ENZFI,No
6510-UPNKS,No
8178-EYZUO,No
0709-TVGUR,Yes
9373-WSLOY,No
6483-OATDN,No
9448-REEVD,No
6464-KEXXH,Yes
3750-YHRYO,No
9639-BUJXT,No
4704-ERYFC,No
1481-ZUWZA,No
7923-IYJWY,No
6994-KERXL,No
1932-UEDCX,Yes
2465-BLLEU,No
2826-UWHIS,No
5213-TWWJU,No
5438-QMDDL,No
7636-PEPNS,No
6204-IEUXJ,Yes
5176-LMJXE,No
8885-QSQBX,No
3927-NLNRY,No
3223-DWFIO,Yes
1166-PQLGG,No
3230-JCNZS,No
0613-WUXUM,No
7767-UXAGJ,Yes
5756-OZRIO,No
3810-DVDQQ,No
1936-UAFEH,No
2316-ESMLS,No
6007-TCTST,No
8548-AWOFC,No
9777-WJJPR,No
7665-VIGUD,No
0655-YDGFJ,No
7633-MVPUY,No
0434-CSFON,Yes
2274-XUATA,No
5371-VYLSX,No
0932-YIXYU,No
2761-OCIAX,Yes
1666-JZPZT,No
0829-XXPLX,No
8120-JDCAM,Yes
0256-LTHVJ,No
1784-EZDKJ,No
8515-OCTJS,No
8990-YOZLV,No
3801-HMYNL,Yes
2955-BJZHG,Yes
5626-MGTUK,No
1015-JPFYW,No
9277-JOOMO,No
0468-YRPXN,No
7338-ERIVA,No
0979-MOZQI,No
5176-OLSKT,No
7511-YMXVQ,No
1371-OJCEK,No
5214-NLTIT,No
7688-AWMDX,No
1272-ILHFG,No
7306-YDSOI,No
2379-ENZGV,Yes
0902-XKXPN,No
9223-UCPVT,Yes
5474-LAMUQ,No
2371-JUNGC,No
1585-MQSSU,No
7032-LMBHI,No
5893-PYOLZ,No
1099-GODLO,No
8622-ZLFKO,Yes
4986-MXSFP,No
6137-MFAJN,No
5906-BFOZT,No
3525-DVKFN,No
4183-WCSEP,No
0125-LZQXK,Yes
9092-GDZKO,No
2739-CCZMB,No
4003-OCTMP,No
3173-NVMPX,No
0407-BDJKB,Yes
3569-JFODW,No
6169-PPETC,No
0396-UKGAI,No
1010-DIAUQ,Yes
4412-YLTKF,No
7153-OANIO,Yes
2454-RPBRZ,Yes
1078-TDCRN,Yes
8421-WZOOW,No
6734-JDTTV,No
4508-OEBEY,No
8064-RAVOH,Yes
9392-XBGTD,No
4626-GYCZP,Yes
7105-MXJLL,No
8898-KASCD,No
0426-TIRNE,No
1302-UHBDD,No
3339-EAQNV,No
0929-PECLO,No
5150-ITWWB,Yes
3472-QPRCH,No
3935-TBRZZ,No
9359-UGBTK,No
1024-KPRBB,No
2700-LUEVA,No
5073-WXOYN,No
1353-LJWEM,No
0909-SDHNU,Yes
7435-ZNUYY,No
1205-WNWPJ,No
7817-BOQPW,Yes
4548-SDBKE,Yes
5302-BDJNT,No
4822-YCXMX,No
8819-WFGGJ,No
4951-UKAAQ,Yes
4482-FTFFX,No
5729-KLZAR,Yes
1676-MQAOA,No
9667-EQRXU,No
3612-YUNGG,No
9206-GVPEQ,No
9503-XJUME,No
8879-XUAHX,No
7526-BEZQB,Yes
8213-TAZPM,No
9953-ZMKSM,No
5600-KTXFM,Yes
4806-KEXQR,Yes
9547-ITEFG,Yes
2786-GCDPI,No
4501-EQDRN,Yes
7663-YJHSN,No
3082-WQRVY,No
3824-RHKVR,No
7548-SEPYI,Yes
2322-VCZHZ,No
1184-PJVDB,Yes
7654-YWJUF,No
6207-WIOLX,No
5574-NXZIU,No
3301-LSLWQ,No
5663-QBGIS,No
8294-UIMBA,No
0723-VSOBE,No
5951-AOFIH,No
9499-XPZXM,No
7634-HLQJR,No
1106-HRLKZ,No
9992-UJOEL,Yes
0130-SXOUN,No
9640-ZSLDC,No
6048-UWKAL,No
8513-OLYGY,No
7580-UGXNC,No
4530-NDRKU,No
0562-FGDCR,No
8644-XLFBW,Yes
7100-FQPRV,No
7340-KEFQE,No
6583-SZVGP,No
2087-QAREY,No
4419-UJMUS,No
8713-IGZSO,No
2122-SZZZD,No
9227-YBAXE,No
9237-HQITU,Yes
4504-YOULA,No
5317-FLPJF,No
4116-TZAQJ,Yes
9405-GPBBG,No
4913-EHYUI,No
9184-GALIL,No
3307-TLCUD,No
5129-JLPIS,No
8272-ONJLV,No
6834-NXDCA,Yes
5542-TBBWB,Yes
5539-HIVAK,No
3021-VLNRJ,No
8544-JNBOX,No
0415-MOSGF,No
2359-KLTEK,No
0616-ATFGB,No
8473-VUVJN,Yes
6797-UCJHZ,No
9609-BENEA,No
7682-AZNDK,No
0015-UOCOJ,No
2324-EFHVG,No
9488-FVZCC,No
3638-WEABW,No
0410-IPFTY,No
7926-IJOOU,No
6356-ELRKD,Yes
8782-LKFPK,No
5897-ZYEKH,No
5480-XTFFL,No
4039-PIMHX,No
6968-GMKPR,No
2105-PHWON,No
8344-WFMFH,No
4767-HZZHQ,No
6950-TWMYB,No
9800-ONTFE,No
0970-QXPXW,No
0784-ZQJZX,No
7078-NVFAM,No
0235-KGSLC,Yes
5811-IWXYM,No
0071-NDAFP,No
5712-PTIWW,Yes
6034-ZRYCV,No
3577-AMVUX,No
5624-RYAMH,No
6435-SRWBJ,Yes
0877-SDMBN,No
4890-VMUAV,No
9415-ZNBSX,No
3776-EKTKM,Yes
2868-LLSKM,No
8414-OOEEL,No
9993-LHIEB,No
1170-SASML,No
5696-EXCYS,No
0831-JNISG,No
9139-WQQDY,No
1407-DIGZV,No
3090-QFUVD,No
4822-NGOCH,Yes
8311-UEUAB,No
2929-QNSRW,No
3617-XLSGQ,No
8152-VETUR,No
3873-WOSBC,No
8630-FJLIB,No
7739-LAXOG,No
1731-TVIUK,Yes
3258-SANFR,No
3446-QDSZF,No
7957-RYHQD,No
6982-UQZLY,No
3886-CERTZ,Yes
2314-TNDJQ,No
3345-PBBFH,No
6506-EYCNH,No
3716-UVSPD,Yes
3583-EKAPL,Yes
0872-CASZJ,No
7351-KYHQH,No
5003-OKNNK,No
5915-ANOEI,No
7396-VJUZB,No
8672-OAUPW,No
9451-LPGOO,Yes
5930-GBIWP,No
5197-YPYBZ,No
0323-XWWTN,No
7233-IOQNP,No
4822-LPTYJ,No
7077-XJMET,No
2770-NSVDG,No
2363-BJLSL,No
9505-SQFSW,No
4391-RESHN,No
2626-URJFX,No
2386-LAHRK,Yes
5835-BEQEU,Yes
6311-UEUME,No
6116-RFVHN,Yes
2673-ZALNP,No
0839-JTCUD,No
7853-OETYL,Yes
8468-FZTOE,No
9766-HGEDE,No
2482-CZGBB,Yes
5685-IIXLY,Yes
8563-OYMQY,Yes
5160-UXJED,No
6651-AZVTJ,Yes
8225-BTJAU,Yes
3399-BMLVW,No
0377-JBKKT,No
6905-NIQIN,No
6143-JQKEA,No
7675-OZCZG,No
9173-IVZVP,No
5277-ZLOOR,Yes
9938-TKDGL,No
2799-ARNLO,Yes
0121-SNYRK,No
0106-UGRDO,No
5268-DSMNQ,No
4248-HCETZ,No
3955-JBZZM,No
0064-YIJGF,No
7771-ZONAT,No
1513-XNPPH,Yes
3137-NYQQI,No
7599-FKVXZ,No
0916-QOFDP,Yes
8399-YNDCH,No
9779-DPNEJ,No
8659-HDIYE,No
4811-JBUVU,No
9648-BCHKM,No
1345-GKDZZ,No
6082-GLJIX,No
3765-JXVKY,Yes
2748-MYRVK,No
4443-EMBNA,No
2984-AFWNC,Yes
2514-GINMM,Yes
6821-JPCDC,No
1543-LLLFT,No
9617-INGJY,Yes
6439-LAJXL,No
9578-VRMNM,No
9700-ZCLOT,No
4718-WXBGI,No
9544-PYPSJ,Yes
2320-JRSDE,No
8580-QVLOC,No
5196-WPYOW,No
3757-NJYBX,Yes
0254-KCJGT,No
1550-EENBN,Yes
2632-TACXW,No
8020-BWHYL,Yes
3882-IYOIJ,No
6651-RLGGM,No
8464-EETCQ,No
5931-FLJJF,Yes
5424-RLQLC,No
1936-CZAKF,No
0733-VUNUW,No
2519-ERQOJ,No
8309-PPCED,No
0902-RFHOF,No
6908-VVYHM,No
4001-TSBTV,No
4510-HIMLV,Yes
9381-NDKME,No
7267-FRMJW,No
3506-OVLKD,No
7079-QRCBC,Yes
0813-TAXXS,No
6784-XYJAE,No
5168-MQQCA,No
5522-JBWMO,No
1845-ZLLIG,Yes
9795-NREXC,No
1493-AMTIE,No
7660-HDPJV,Yes
4573-JKNAE,No
2080-GKCWQ,Yes
9470-RTWDV,No
5027-YOCXN,No
3733-UOCWF,No
8220-OCUFY,No
2533-TIBIX,No
4566-NECEV,Yes
6647-ZEDXT,No
4979-HPRFL,No
2057-ZBLPD,No
0231-LXVAP,No
7240-FQLHE,No
2933-XEUJM,No
8270-RKSAP,Yes
3359-DSRKA,No
1597-LHYNC,No
3727-JEZTU,No
9028-LIHRP,No
5716-LIBJC,No
7524-VRLPL,No
5543-QDCRY,No
7245-NIIWQ,Yes
6447-EGDIV,No
9013-AQORL,No
0580-PIQHM,No
5183-SNMJQ,Yes
6729-FZWSY,No
0727-BNRLG,No
0967-BMLBD,No
6797-LNAQX,No
2469-DTSGX,No
4760-XOHVN,No
0177-PXBAT,No
5199-FPUSP,No
1767-CJKBA,No
9853-JFZDU,No
8033-ATFAS,No
9135-MGVPY,No
4522-XRWWI,No
2024-BASKD,Yes
8336-TAVKX,No
1049-FYSYG,No
1452-XRSJV,No
7410-KTVFV,No
4007-NHVHI,Yes
5175-AOBHI,No
6585-WCEWR,No
1343-EHPYB,Yes
5895-QSXOD,Yes
5977-CKHON,No
7241-AJHFS,No
3865-ZYKAD,No
9585-KKMFD,No
8152-UOBNY,No
6654-QGBZZ,No
9129-UXERG,No
8668-KNZTI,No
7416-CKTEP,No
8016-ZMGMO,No
8263-OKETD,No
7801-KICAO,No
1431-CYWMH,No
0397-GZBBC,No
8818-DOPVL,Yes
0612-RTZZA,No
4110-PFEUZ,Yes
5845-BZZIB,No
7746-QYVCO,No
6980-IMXXE,No
8390-FESFV,No
0618-XWMSS,No
3295-YVUSR,Yes
